<assembly>
  <id>example</id>
  <formats>
    <format>zip</format>
  </formats>
  <fileSets>
    <fileSet>
      <directory>${project.basedir}</directory>
      <useDefaultExcludes>true</useDefaultExcludes>
      <includes>
        <include>.classpath</include>
        <include>.project</include>
        <include>pom.xml</include>
        <include>README.txt</include>
      </includes>
    </fileSet>
    
    <fileSet>
      <directory>${project.basedir}/.settings</directory>
      <useDefaultExcludes>true</useDefaultExcludes>
    </fileSet>
    
    <fileSet>
      <directory>${project.basedir}/src</directory>
      <useDefaultExcludes>true</useDefaultExcludes>
    </fileSet>
  </fileSets>
</assembly>